CREATE DATABASE CSE_3B_320

CREATE TABLE BRANCH
(
BNAME VARCHAR(50),
CITY VARCHAR(50)
)

INSERT INTO BRANCH(BNAME,CITY) VALUES('VRCE','NAGPUR')
INSERT INTO BRANCH(BNAME,CITY) VALUES('AJNI','NAGPUR')
INSERT INTO BRANCH(BNAME,CITY) VALUES('KAROLBAGH','DELHI')
INSERT INTO BRANCH(BNAME,CITY) VALUES('CHANDI','DELHI')
INSERT INTO BRANCH(BNAME,CITY) VALUES('DHARAMPETH','NAGPUR')
INSERT INTO BRANCH(BNAME,CITY) VALUES('M.G.ROAD','BANGLORE')
INSERT INTO BRANCH(BNAME,CITY) VALUES('ANDHERI','BOMBAY')
INSERT INTO BRANCH(BNAME,CITY) VALUES('VIRAR','BOMBAY')
INSERT INTO BRANCH(BNAME,CITY) VALUES('NEHRU PALACE','DELHI')
INSERT INTO BRANCH(BNAME,CITY) VALUES('POWAI','BOMBAY')


CREATE TABLE CUSTOMERS
(
CNAME VARCHAR(50),
CITY VARCHAR(50)
)


INSERT INTO CUSTOMERS(CNAME,CITY) VALUES('ANIL','CALCUTTA')
INSERT INTO CUSTOMERS(CNAME,CITY) VALUES('SUNIL','DELHI')
INSERT INTO CUSTOMERS(CNAME,CITY) VALUES('MEHUL','BARODA')
INSERT INTO CUSTOMERS(CNAME,CITY) VALUES('MANDAR','PATNA')
INSERT INTO CUSTOMERS(CNAME,CITY) VALUES('MADHURI','NAGPUR')
INSERT INTO CUSTOMERS(CNAME,CITY) VALUES('PRAMOD','NAGPUR')
INSERT INTO CUSTOMERS(CNAME,CITY) VALUES('SANDIP','SURAT')
INSERT INTO CUSTOMERS(CNAME,CITY) VALUES('SHIVANI','BOMBAY')
INSERT INTO CUSTOMERS(CNAME,CITY) VALUES('KRANTI','BOMBAY')
INSERT INTO CUSTOMERS(CNAME,CITY) VALUES('NAREN','BOMBAY')


CREATE TABLE BORROW
(
LOANNO INT,
CNAME VARCHAR(50),
BNAME VARCHAR(50),
AMOUNT DECIMAL(8,2)
)

INSERT INTO BORROW(LOANNO,CNAME,BNAME,AMOUNT) VALUES(201,'ANIL','VRCE',1000.00)
INSERT INTO BORROW(LOANNO,CNAME,BNAME,AMOUNT) VALUES(206,'MEHUL','AJNI',5000.00)
INSERT INTO BORROW(LOANNO,CNAME,BNAME,AMOUNT) VALUES(311,'SUNIL','DHARAMPETH',3000.00)
INSERT INTO BORROW(LOANNO,CNAME,BNAME,AMOUNT) VALUES(321,'MADHURI','ANDHERI',2000.00)
INSERT INTO BORROW(LOANNO,CNAME,BNAME,AMOUNT) VALUES(375,'PRAMOD','VIRAR',8000.00)
INSERT INTO BORROW(LOANNO,CNAME,BNAME,AMOUNT) VALUES(481,'KRANTI','NEHRU PALACE',1000.00)

CREATE TABLE DEPOSIT
(
ACTNO INT,
CNAME VARCHAR(50),
BNAME VARCHAR(50),
AMOUNT DECIMAL(8,2),
ADATE DATETIME
)

INSERT INTO DEPOSIT(ACTNO,CNAME,BNAME,AMOUNT,ADATE) VALUES(101,'ANIL','VRCE',1000.00,'01-MAR-95')
INSERT INTO DEPOSIT(ACTNO,CNAME,BNAME,AMOUNT,ADATE) VALUES(102,'SUNIL','AJNI',5000.00,'04-JAN-96')
INSERT INTO DEPOSIT(ACTNO,CNAME,BNAME,AMOUNT,ADATE) VALUES(103,'MEHUL','KAROLBAGH',3500.00,'17-NOV-95')
INSERT INTO DEPOSIT(ACTNO,CNAME,BNAME,AMOUNT,ADATE) VALUES(104,'MADHURI','CHANDI',1200.00,'17-DEC-95')
INSERT INTO DEPOSIT(ACTNO,CNAME,BNAME,AMOUNT,ADATE) VALUES(105,'PRAMOD','M.G.ROAD',3000.00,'27-MAR-96')
INSERT INTO DEPOSIT(ACTNO,CNAME,BNAME,AMOUNT,ADATE) VALUES(106,'SANDIP','ANDHERI',2000.00,'31-MAR-96')
INSERT INTO DEPOSIT(ACTNO,CNAME,BNAME,AMOUNT,ADATE) VALUES(107,'SHIVANI','VIRAR',1000.00,'05-SEP-95')
INSERT INTO DEPOSIT(ACTNO,CNAME,BNAME,AMOUNT,ADATE) VALUES(108,'KRANTI','NEHRU PALACE',5000.00,'02-JUL-95')
INSERT INTO DEPOSIT(ACTNO,CNAME,BNAME,AMOUNT,ADATE) VALUES(109,'MINU','POWAI',70000.00,'10-AUG-95')

SELECT * FROM BRANCH
SELECT * FROM CUSTOMERS
SELECT * FROM BORROW
SELECT * FROM DEPOSIT

SELECT ACTNO,CNAME,AMOUNT FROM DEPOSIT
SELECT LOANNO,AMOUNT FROM BORROW
SELECT LOANNO FROM BORROW WHERE BNAME = 'ANDHERI'
SELECT ACTNO,AMOUNT FROM DEPOSIT WHERE ACTNO = 106
SELECT CNAME FROM BORROW WHERE AMOUNT >= 5000
SELECT CNAME FROM DEPOSIT WHERE ADATE > '1-12-96'
SELECT CNAME FROM DEPOSIT WHERE ACTNO > 105
SELECT CNAME FROM CUSTOMERS WHERE CITY ='NAGPUR' OR CITY = 'DELHI'
SELECT CNAME,BNAME FROM DEPOSIT WHERE AMOUNT > 4000 AND ACTNO > 105
SELECT * FROM BORROW WHERE AMOUNT>=3000 AND AMOUNT<=8000
SELECT * FROM DEPOSIT WHERE BNAME <> 'ANDHERI'
SELECT ACTNO,CNAME,AMOUNT FROM DEPOSIT WHERE BNAME IN ('AJNI','KAROLBAGH','M.G.ROAD') AND ACTNO <104